{"cameraMode":{"drawMode":0,"name":"Shaded","section":"Shading Mode"},"sceneLighting":false,"audioPlay":false,"sceneViewState":{"showFog":true,"showMaterialUpdate":false,"showSkybox":true,"showFlares":true,"showImageEffects":true,"showParticleSystems":true},"in2DMode":false,"pivot":{"x":0.9755258560180664,"y":2.2661848068237306,"z":-2.1408586502075197},"rotation":{"x":-0.054947420954704288,"y":0.9313240051269531,"z":-0.1582479178905487,"w":-0.3233775794506073},"size":10.0,"orthographic":false}